<annotation>
	<folder>Pictures</folder>
	<filename>image141.jpg</filename>
	<path>/home/kangtamu/Pictures/image141.jpg</path>
	<source>
		<database>Unknown</database>
	</source>
	<size>
		<width>615</width>
		<height>641</height>
		<depth>3</depth>
	</size>
	<segmented>0</segmented>
	<object>
		<name>collapsed</name>
		<pose>Unspecified</pose>
		<truncated>0</truncated>
		<difficult>0</difficult>
		<bndbox>
			<xmin>2</xmin>
			<ymin>147</ymin>
			<xmax>562</xmax>
			<ymax>511</ymax>
		</bndbox>
	</object>
</annotation>
