<annotation>
	<folder>Pictures</folder>
	<filename>image99.jpg</filename>
	<path>/home/kangtamu/Pictures/image99.jpg</path>
	<source>
		<database>Unknown</database>
	</source>
	<size>
		<width>225</width>
		<height>225</height>
		<depth>3</depth>
	</size>
	<segmented>0</segmented>
	<object>
		<name>collapsed</name>
		<pose>Unspecified</pose>
		<truncated>0</truncated>
		<difficult>0</difficult>
		<bndbox>
			<xmin>19</xmin>
			<ymin>82</ymin>
			<xmax>224</xmax>
			<ymax>168</ymax>
		</bndbox>
	</object>
</annotation>
