<annotation>
	<folder>Pictures</folder>
	<filename>image68.jpg</filename>
	<path>/home/kangtamu/Pictures/image68.jpg</path>
	<source>
		<database>Unknown</database>
	</source>
	<size>
		<width>550</width>
		<height>366</height>
		<depth>3</depth>
	</size>
	<segmented>0</segmented>
	<object>
		<name>collapsed</name>
		<pose>Unspecified</pose>
		<truncated>0</truncated>
		<difficult>0</difficult>
		<bndbox>
			<xmin>14</xmin>
			<ymin>103</ymin>
			<xmax>549</xmax>
			<ymax>316</ymax>
		</bndbox>
	</object>
</annotation>
