<annotation>
	<folder>Pictures</folder>
	<filename>image118.jpg</filename>
	<path>/home/kangtamu/Pictures/image118.jpg</path>
	<source>
		<database>Unknown</database>
	</source>
	<size>
		<width>284</width>
		<height>216</height>
		<depth>3</depth>
	</size>
	<segmented>0</segmented>
	<object>
		<name>collapsed</name>
		<pose>Unspecified</pose>
		<truncated>1</truncated>
		<difficult>0</difficult>
		<bndbox>
			<xmin>1</xmin>
			<ymin>68</ymin>
			<xmax>283</xmax>
			<ymax>216</ymax>
		</bndbox>
	</object>
</annotation>
