<annotation>
	<folder>Pictures</folder>
	<filename>image37.jpg</filename>
	<path>/home/kangtamu/Pictures/image37.jpg</path>
	<source>
		<database>Unknown</database>
	</source>
	<size>
		<width>442</width>
		<height>750</height>
		<depth>3</depth>
	</size>
	<segmented>0</segmented>
	<object>
		<name>collapsed</name>
		<pose>Unspecified</pose>
		<truncated>0</truncated>
		<difficult>0</difficult>
		<bndbox>
			<xmin>3</xmin>
			<ymin>197</ymin>
			<xmax>366</xmax>
			<ymax>729</ymax>
		</bndbox>
	</object>
</annotation>
