<annotation>
	<folder>Pictures</folder>
	<filename>image18.jpg</filename>
	<path>/home/kangtamu/Pictures/image18.jpg</path>
	<source>
		<database>Unknown</database>
	</source>
	<size>
		<width>620</width>
		<height>400</height>
		<depth>3</depth>
	</size>
	<segmented>0</segmented>
	<object>
		<name>collapsed</name>
		<pose>Unspecified</pose>
		<truncated>1</truncated>
		<difficult>0</difficult>
		<bndbox>
			<xmin>23</xmin>
			<ymin>138</ymin>
			<xmax>570</xmax>
			<ymax>400</ymax>
		</bndbox>
	</object>
</annotation>
