<annotation>
	<folder>Pictures</folder>
	<filename>image3.jpg</filename>
	<path>/home/kangtamu/Pictures/image3.jpg</path>
	<source>
		<database>Unknown</database>
	</source>
	<size>
		<width>1200</width>
		<height>374</height>
		<depth>3</depth>
	</size>
	<segmented>0</segmented>
	<object>
		<name>collapsed</name>
		<pose>Unspecified</pose>
		<truncated>0</truncated>
		<difficult>0</difficult>
		<bndbox>
			<xmin>26</xmin>
			<ymin>111</ymin>
			<xmax>486</xmax>
			<ymax>276</ymax>
		</bndbox>
	</object>
</annotation>
