<annotation>
	<folder>Pictures</folder>
	<filename>image91.jpg</filename>
	<path>/home/kangtamu/Pictures/image91.jpg</path>
	<source>
		<database>Unknown</database>
	</source>
	<size>
		<width>259</width>
		<height>194</height>
		<depth>3</depth>
	</size>
	<segmented>0</segmented>
	<object>
		<name>collapsed</name>
		<pose>Unspecified</pose>
		<truncated>0</truncated>
		<difficult>0</difficult>
		<bndbox>
			<xmin>6</xmin>
			<ymin>11</ymin>
			<xmax>216</xmax>
			<ymax>104</ymax>
		</bndbox>
	</object>
</annotation>
