<annotation>
	<folder>Pictures</folder>
	<filename>image26.jpg</filename>
	<path>/home/kangtamu/Pictures/image26.jpg</path>
	<source>
		<database>Unknown</database>
	</source>
	<size>
		<width>612</width>
		<height>408</height>
		<depth>3</depth>
	</size>
	<segmented>0</segmented>
	<object>
		<name>collapsed</name>
		<pose>Unspecified</pose>
		<truncated>1</truncated>
		<difficult>0</difficult>
		<bndbox>
			<xmin>3</xmin>
			<ymin>4</ymin>
			<xmax>572</xmax>
			<ymax>408</ymax>
		</bndbox>
	</object>
</annotation>
