<annotation>
	<folder>Pictures</folder>
	<filename>image56.jpeg</filename>
	<path>/home/kangtamu/Pictures/image56.jpeg</path>
	<source>
		<database>Unknown</database>
	</source>
	<size>
		<width>300</width>
		<height>200</height>
		<depth>3</depth>
	</size>
	<segmented>0</segmented>
	<object>
		<name>collapsed</name>
		<pose>Unspecified</pose>
		<truncated>0</truncated>
		<difficult>0</difficult>
		<bndbox>
			<xmin>38</xmin>
			<ymin>86</ymin>
			<xmax>294</xmax>
			<ymax>186</ymax>
		</bndbox>
	</object>
</annotation>
