<annotation>
	<folder>Pictures</folder>
	<filename>image4.jpg</filename>
	<path>/home/kangtamu/Pictures/image4.jpg</path>
	<source>
		<database>Unknown</database>
	</source>
	<size>
		<width>450</width>
		<height>199</height>
		<depth>3</depth>
	</size>
	<segmented>0</segmented>
	<object>
		<name>collapsed</name>
		<pose>Unspecified</pose>
		<truncated>0</truncated>
		<difficult>0</difficult>
		<bndbox>
			<xmin>124</xmin>
			<ymin>93</ymin>
			<xmax>168</xmax>
			<ymax>130</ymax>
		</bndbox>
	</object>
	<object>
		<name>collapsed</name>
		<pose>Unspecified</pose>
		<truncated>0</truncated>
		<difficult>0</difficult>
		<bndbox>
			<xmin>307</xmin>
			<ymin>11</ymin>
			<xmax>409</xmax>
			<ymax>134</ymax>
		</bndbox>
	</object>
</annotation>
