<annotation>
	<folder>Pictures</folder>
	<filename>image51.jpg</filename>
	<path>/home/kangtamu/Pictures/image51.jpg</path>
	<source>
		<database>Unknown</database>
	</source>
	<size>
		<width>600</width>
		<height>430</height>
		<depth>3</depth>
	</size>
	<segmented>0</segmented>
	<object>
		<name>collapsed</name>
		<pose>Unspecified</pose>
		<truncated>0</truncated>
		<difficult>0</difficult>
		<bndbox>
			<xmin>123</xmin>
			<ymin>209</ymin>
			<xmax>595</xmax>
			<ymax>403</ymax>
		</bndbox>
	</object>
</annotation>
