<annotation>
	<folder>Pictures</folder>
	<filename>image117.jpg</filename>
	<path>/home/kangtamu/Pictures/image117.jpg</path>
	<source>
		<database>Unknown</database>
	</source>
	<size>
		<width>385</width>
		<height>223</height>
		<depth>3</depth>
	</size>
	<segmented>0</segmented>
	<object>
		<name>collapsed</name>
		<pose>Unspecified</pose>
		<truncated>1</truncated>
		<difficult>0</difficult>
		<bndbox>
			<xmin>67</xmin>
			<ymin>71</ymin>
			<xmax>352</xmax>
			<ymax>223</ymax>
		</bndbox>
	</object>
</annotation>
