<annotation>
	<folder>Pictures</folder>
	<filename>image85.jpg</filename>
	<path>/home/kangtamu/Pictures/image85.jpg</path>
	<source>
		<database>Unknown</database>
	</source>
	<size>
		<width>298</width>
		<height>169</height>
		<depth>3</depth>
	</size>
	<segmented>0</segmented>
	<object>
		<name>collapsed</name>
		<pose>Unspecified</pose>
		<truncated>1</truncated>
		<difficult>0</difficult>
		<bndbox>
			<xmin>32</xmin>
			<ymin>14</ymin>
			<xmax>266</xmax>
			<ymax>169</ymax>
		</bndbox>
	</object>
</annotation>
