<annotation>
	<folder>Pictures</folder>
	<filename>image139.jpg</filename>
	<path>/home/kangtamu/Pictures/image139.jpg</path>
	<source>
		<database>Unknown</database>
	</source>
	<size>
		<width>490</width>
		<height>327</height>
		<depth>3</depth>
	</size>
	<segmented>0</segmented>
	<object>
		<name>collapsed</name>
		<pose>Unspecified</pose>
		<truncated>0</truncated>
		<difficult>0</difficult>
		<bndbox>
			<xmin>3</xmin>
			<ymin>4</ymin>
			<xmax>475</xmax>
			<ymax>250</ymax>
		</bndbox>
	</object>
</annotation>
