<annotation>
	<folder>Pictures</folder>
	<filename>image14.jpg</filename>
	<path>/home/kangtamu/Pictures/image14.jpg</path>
	<source>
		<database>Unknown</database>
	</source>
	<size>
		<width>652</width>
		<height>367</height>
		<depth>3</depth>
	</size>
	<segmented>0</segmented>
	<object>
		<name>collapsed</name>
		<pose>Unspecified</pose>
		<truncated>0</truncated>
		<difficult>0</difficult>
		<bndbox>
			<xmin>35</xmin>
			<ymin>95</ymin>
			<xmax>482</xmax>
			<ymax>222</ymax>
		</bndbox>
	</object>
	<object>
		<name>collapsed</name>
		<pose>Unspecified</pose>
		<truncated>1</truncated>
		<difficult>0</difficult>
		<bndbox>
			<xmin>80</xmin>
			<ymin>176</ymin>
			<xmax>595</xmax>
			<ymax>367</ymax>
		</bndbox>
	</object>
</annotation>
