<annotation>
	<folder>Pictures</folder>
	<filename>image8.jpg</filename>
	<path>/home/kangtamu/Pictures/image8.jpg</path>
	<source>
		<database>Unknown</database>
	</source>
	<size>
		<width>622</width>
		<height>505</height>
		<depth>3</depth>
	</size>
	<segmented>0</segmented>
	<object>
		<name>collapsed</name>
		<pose>Unspecified</pose>
		<truncated>0</truncated>
		<difficult>0</difficult>
		<bndbox>
			<xmin>68</xmin>
			<ymin>19</ymin>
			<xmax>482</xmax>
			<ymax>408</ymax>
		</bndbox>
	</object>
</annotation>
