<annotation>
	<folder>Pictures</folder>
	<filename>image24.jpg</filename>
	<path>/home/kangtamu/Pictures/image24.jpg</path>
	<source>
		<database>Unknown</database>
	</source>
	<size>
		<width>1300</width>
		<height>866</height>
		<depth>3</depth>
	</size>
	<segmented>0</segmented>
	<object>
		<name>collapsed</name>
		<pose>Unspecified</pose>
		<truncated>0</truncated>
		<difficult>0</difficult>
		<bndbox>
			<xmin>15</xmin>
			<ymin>169</ymin>
			<xmax>1000</xmax>
			<ymax>818</ymax>
		</bndbox>
	</object>
</annotation>
