<annotation>
	<folder>Pictures</folder>
	<filename>image69.jpg</filename>
	<path>/home/kangtamu/Pictures/image69.jpg</path>
	<source>
		<database>Unknown</database>
	</source>
	<size>
		<width>460</width>
		<height>350</height>
		<depth>3</depth>
	</size>
	<segmented>0</segmented>
	<object>
		<name>collapsed</name>
		<pose>Unspecified</pose>
		<truncated>1</truncated>
		<difficult>0</difficult>
		<bndbox>
			<xmin>14</xmin>
			<ymin>75</ymin>
			<xmax>460</xmax>
			<ymax>311</ymax>
		</bndbox>
	</object>
</annotation>
