<annotation>
	<folder>Pictures</folder>
	<filename>image86.jpg</filename>
	<path>/home/kangtamu/Pictures/image86.jpg</path>
	<source>
		<database>Unknown</database>
	</source>
	<size>
		<width>262</width>
		<height>192</height>
		<depth>3</depth>
	</size>
	<segmented>0</segmented>
	<object>
		<name>collapsed</name>
		<pose>Unspecified</pose>
		<truncated>1</truncated>
		<difficult>0</difficult>
		<bndbox>
			<xmin>2</xmin>
			<ymin>10</ymin>
			<xmax>262</xmax>
			<ymax>188</ymax>
		</bndbox>
	</object>
</annotation>
