<annotation>
	<folder>Pictures</folder>
	<filename>image66.jpg</filename>
	<path>/home/kangtamu/Pictures/image66.jpg</path>
	<source>
		<database>Unknown</database>
	</source>
	<size>
		<width>450</width>
		<height>298</height>
		<depth>3</depth>
	</size>
	<segmented>0</segmented>
	<object>
		<name>collapsed</name>
		<pose>Unspecified</pose>
		<truncated>0</truncated>
		<difficult>0</difficult>
		<bndbox>
			<xmin>57</xmin>
			<ymin>34</ymin>
			<xmax>353</xmax>
			<ymax>218</ymax>
		</bndbox>
	</object>
</annotation>
