<annotation>
	<folder>Pictures</folder>
	<filename>image103.jpg</filename>
	<path>/home/kangtamu/Pictures/image103.jpg</path>
	<source>
		<database>Unknown</database>
	</source>
	<size>
		<width>298</width>
		<height>169</height>
		<depth>3</depth>
	</size>
	<segmented>0</segmented>
	<object>
		<name>collapsed</name>
		<pose>Unspecified</pose>
		<truncated>0</truncated>
		<difficult>0</difficult>
		<bndbox>
			<xmin>82</xmin>
			<ymin>80</ymin>
			<xmax>208</xmax>
			<ymax>156</ymax>
		</bndbox>
	</object>
</annotation>
