<annotation>
	<folder>Pictures</folder>
	<filename>image115.jpg</filename>
	<path>/home/kangtamu/Pictures/image115.jpg</path>
	<source>
		<database>Unknown</database>
	</source>
	<size>
		<width>1920</width>
		<height>1080</height>
		<depth>3</depth>
	</size>
	<segmented>0</segmented>
	<object>
		<name>collapsed</name>
		<pose>Unspecified</pose>
		<truncated>0</truncated>
		<difficult>0</difficult>
		<bndbox>
			<xmin>826</xmin>
			<ymin>644</ymin>
			<xmax>1607</xmax>
			<ymax>943</ymax>
		</bndbox>
	</object>
</annotation>
