<annotation>
	<folder>Pictures</folder>
	<filename>image7.jpg</filename>
	<path>/home/kangtamu/Pictures/image7.jpg</path>
	<source>
		<database>Unknown</database>
	</source>
	<size>
		<width>1000</width>
		<height>750</height>
		<depth>3</depth>
	</size>
	<segmented>0</segmented>
	<object>
		<name>collapsed</name>
		<pose>Unspecified</pose>
		<truncated>0</truncated>
		<difficult>0</difficult>
		<bndbox>
			<xmin>60</xmin>
			<ymin>159</ymin>
			<xmax>778</xmax>
			<ymax>440</ymax>
		</bndbox>
	</object>
</annotation>
