<annotation>
	<folder>Pictures</folder>
	<filename>image60.jpeg</filename>
	<path>/home/kangtamu/Pictures/image60.jpeg</path>
	<source>
		<database>Unknown</database>
	</source>
	<size>
		<width>450</width>
		<height>320</height>
		<depth>3</depth>
	</size>
	<segmented>0</segmented>
	<object>
		<name>collapsed</name>
		<pose>Unspecified</pose>
		<truncated>0</truncated>
		<difficult>0</difficult>
		<bndbox>
			<xmin>127</xmin>
			<ymin>32</ymin>
			<xmax>390</xmax>
			<ymax>312</ymax>
		</bndbox>
	</object>
</annotation>
