<annotation>
	<folder>Pictures</folder>
	<filename>image31.JPG</filename>
	<path>/home/kangtamu/Pictures/image31.JPG</path>
	<source>
		<database>Unknown</database>
	</source>
	<size>
		<width>491</width>
		<height>357</height>
		<depth>3</depth>
	</size>
	<segmented>0</segmented>
	<object>
		<name>collapsed</name>
		<pose>Unspecified</pose>
		<truncated>0</truncated>
		<difficult>0</difficult>
		<bndbox>
			<xmin>74</xmin>
			<ymin>96</ymin>
			<xmax>254</xmax>
			<ymax>329</ymax>
		</bndbox>
	</object>
</annotation>
