<annotation>
	<folder>Pictures</folder>
	<filename>image130.jpg</filename>
	<path>/home/kangtamu/Pictures/image130.jpg</path>
	<source>
		<database>Unknown</database>
	</source>
	<size>
		<width>800</width>
		<height>535</height>
		<depth>3</depth>
	</size>
	<segmented>0</segmented>
	<object>
		<name>collapsed</name>
		<pose>Unspecified</pose>
		<truncated>0</truncated>
		<difficult>0</difficult>
		<bndbox>
			<xmin>108</xmin>
			<ymin>52</ymin>
			<xmax>713</xmax>
			<ymax>431</ymax>
		</bndbox>
	</object>
</annotation>
