<annotation>
	<folder>Pictures</folder>
	<filename>image25.jpg</filename>
	<path>/home/kangtamu/Pictures/image25.jpg</path>
	<source>
		<database>Unknown</database>
	</source>
	<size>
		<width>540</width>
		<height>304</height>
		<depth>3</depth>
	</size>
	<segmented>0</segmented>
	<object>
		<name>collapsed</name>
		<pose>Unspecified</pose>
		<truncated>0</truncated>
		<difficult>0</difficult>
		<bndbox>
			<xmin>51</xmin>
			<ymin>39</ymin>
			<xmax>317</xmax>
			<ymax>302</ymax>
		</bndbox>
	</object>
</annotation>
