<annotation>
	<folder>Pictures</folder>
	<filename>image11.jpg</filename>
	<path>/home/kangtamu/Pictures/image11.jpg</path>
	<source>
		<database>Unknown</database>
	</source>
	<size>
		<width>634</width>
		<height>915</height>
		<depth>3</depth>
	</size>
	<segmented>0</segmented>
	<object>
		<name>collapsed</name>
		<pose>Unspecified</pose>
		<truncated>0</truncated>
		<difficult>0</difficult>
		<bndbox>
			<xmin>70</xmin>
			<ymin>374</ymin>
			<xmax>585</xmax>
			<ymax>748</ymax>
		</bndbox>
	</object>
</annotation>
