<annotation>
	<folder>Pictures</folder>
	<filename>image114.jpg</filename>
	<path>/home/kangtamu/Pictures/image114.jpg</path>
	<source>
		<database>Unknown</database>
	</source>
	<size>
		<width>324</width>
		<height>360</height>
		<depth>3</depth>
	</size>
	<segmented>0</segmented>
	<object>
		<name>collapsed</name>
		<pose>Unspecified</pose>
		<truncated>0</truncated>
		<difficult>0</difficult>
		<bndbox>
			<xmin>40</xmin>
			<ymin>22</ymin>
			<xmax>277</xmax>
			<ymax>352</ymax>
		</bndbox>
	</object>
</annotation>
