<annotation>
	<folder>Pictures</folder>
	<filename>image40.jpg</filename>
	<path>/home/kangtamu/Pictures/image40.jpg</path>
	<source>
		<database>Unknown</database>
	</source>
	<size>
		<width>353</width>
		<height>506</height>
		<depth>3</depth>
	</size>
	<segmented>0</segmented>
	<object>
		<name>collapsed</name>
		<pose>Unspecified</pose>
		<truncated>0</truncated>
		<difficult>0</difficult>
		<bndbox>
			<xmin>69</xmin>
			<ymin>87</ymin>
			<xmax>317</xmax>
			<ymax>494</ymax>
		</bndbox>
	</object>
</annotation>
