<annotation>
	<folder>Pictures</folder>
	<filename>image30.jpg</filename>
	<path>/home/kangtamu/Pictures/image30.jpg</path>
	<source>
		<database>Unknown</database>
	</source>
	<size>
		<width>552</width>
		<height>612</height>
		<depth>3</depth>
	</size>
	<segmented>0</segmented>
	<object>
		<name>collapsed</name>
		<pose>Unspecified</pose>
		<truncated>1</truncated>
		<difficult>0</difficult>
		<bndbox>
			<xmin>6</xmin>
			<ymin>192</ymin>
			<xmax>552</xmax>
			<ymax>601</ymax>
		</bndbox>
	</object>
</annotation>
