<annotation>
	<folder>Pictures</folder>
	<filename>image70.jpg</filename>
	<path>/home/kangtamu/Pictures/image70.jpg</path>
	<source>
		<database>Unknown</database>
	</source>
	<size>
		<width>467</width>
		<height>350</height>
		<depth>3</depth>
	</size>
	<segmented>0</segmented>
	<object>
		<name>collapsed</name>
		<pose>Unspecified</pose>
		<truncated>1</truncated>
		<difficult>0</difficult>
		<bndbox>
			<xmin>5</xmin>
			<ymin>76</ymin>
			<xmax>467</xmax>
			<ymax>282</ymax>
		</bndbox>
	</object>
</annotation>
