<annotation>
	<folder>Pictures</folder>
	<filename>image59.jpeg</filename>
	<path>/home/kangtamu/Pictures/image59.jpeg</path>
	<source>
		<database>Unknown</database>
	</source>
	<size>
		<width>275</width>
		<height>183</height>
		<depth>3</depth>
	</size>
	<segmented>0</segmented>
	<object>
		<name>collapsed</name>
		<pose>Unspecified</pose>
		<truncated>1</truncated>
		<difficult>0</difficult>
		<bndbox>
			<xmin>47</xmin>
			<ymin>1</ymin>
			<xmax>246</xmax>
			<ymax>143</ymax>
		</bndbox>
	</object>
</annotation>
