<annotation>
	<folder>Pictures</folder>
	<filename>image49.jpg</filename>
	<path>/home/kangtamu/Pictures/image49.jpg</path>
	<source>
		<database>Unknown</database>
	</source>
	<size>
		<width>960</width>
		<height>720</height>
		<depth>3</depth>
	</size>
	<segmented>0</segmented>
	<object>
		<name>collapsed</name>
		<pose>Unspecified</pose>
		<truncated>1</truncated>
		<difficult>0</difficult>
		<bndbox>
			<xmin>80</xmin>
			<ymin>77</ymin>
			<xmax>960</xmax>
			<ymax>611</ymax>
		</bndbox>
	</object>
</annotation>
