<annotation>
	<folder>Pictures</folder>
	<filename>image77.jpg</filename>
	<path>/home/kangtamu/Pictures/image77.jpg</path>
	<source>
		<database>Unknown</database>
	</source>
	<size>
		<width>319</width>
		<height>249</height>
		<depth>3</depth>
	</size>
	<segmented>0</segmented>
	<object>
		<name>collapsed</name>
		<pose>Unspecified</pose>
		<truncated>0</truncated>
		<difficult>0</difficult>
		<bndbox>
			<xmin>4</xmin>
			<ymin>122</ymin>
			<xmax>315</xmax>
			<ymax>231</ymax>
		</bndbox>
	</object>
</annotation>
