<annotation>
	<folder>Pictures</folder>
	<filename>image92.jpg</filename>
	<path>/home/kangtamu/Pictures/image92.jpg</path>
	<source>
		<database>Unknown</database>
	</source>
	<size>
		<width>201</width>
		<height>250</height>
		<depth>3</depth>
	</size>
	<segmented>0</segmented>
	<object>
		<name>collapsed</name>
		<pose>Unspecified</pose>
		<truncated>1</truncated>
		<difficult>0</difficult>
		<bndbox>
			<xmin>1</xmin>
			<ymin>73</ymin>
			<xmax>201</xmax>
			<ymax>217</ymax>
		</bndbox>
	</object>
</annotation>
