<annotation>
	<folder>Pictures</folder>
	<filename>image16.jpg</filename>
	<path>/home/kangtamu/Pictures/image16.jpg</path>
	<source>
		<database>Unknown</database>
	</source>
	<size>
		<width>1500</width>
		<height>1125</height>
		<depth>3</depth>
	</size>
	<segmented>0</segmented>
	<object>
		<name>collapsed</name>
		<pose>Unspecified</pose>
		<truncated>0</truncated>
		<difficult>0</difficult>
		<bndbox>
			<xmin>177</xmin>
			<ymin>319</ymin>
			<xmax>1445</xmax>
			<ymax>1054</ymax>
		</bndbox>
	</object>
</annotation>
