<annotation>
	<folder>Pictures</folder>
	<filename>image47.jpg</filename>
	<path>/home/kangtamu/Pictures/image47.jpg</path>
	<source>
		<database>Unknown</database>
	</source>
	<size>
		<width>620</width>
		<height>347</height>
		<depth>3</depth>
	</size>
	<segmented>0</segmented>
	<object>
		<name>collapsed</name>
		<pose>Unspecified</pose>
		<truncated>1</truncated>
		<difficult>0</difficult>
		<bndbox>
			<xmin>36</xmin>
			<ymin>7</ymin>
			<xmax>620</xmax>
			<ymax>239</ymax>
		</bndbox>
	</object>
</annotation>
