<annotation>
	<folder>Pictures</folder>
	<filename>image57.jpeg</filename>
	<path>/home/kangtamu/Pictures/image57.jpeg</path>
	<source>
		<database>Unknown</database>
	</source>
	<size>
		<width>285</width>
		<height>177</height>
		<depth>3</depth>
	</size>
	<segmented>0</segmented>
	<object>
		<name>collapsed</name>
		<pose>Unspecified</pose>
		<truncated>0</truncated>
		<difficult>0</difficult>
		<bndbox>
			<xmin>5</xmin>
			<ymin>5</ymin>
			<xmax>236</xmax>
			<ymax>154</ymax>
		</bndbox>
	</object>
</annotation>
