<annotation>
	<folder>Pictures</folder>
	<filename>image65.jpg</filename>
	<path>/home/kangtamu/Pictures/image65.jpg</path>
	<source>
		<database>Unknown</database>
	</source>
	<size>
		<width>1024</width>
		<height>768</height>
		<depth>3</depth>
	</size>
	<segmented>0</segmented>
	<object>
		<name>collapsed</name>
		<pose>Unspecified</pose>
		<truncated>0</truncated>
		<difficult>0</difficult>
		<bndbox>
			<xmin>158</xmin>
			<ymin>187</ymin>
			<xmax>901</xmax>
			<ymax>730</ymax>
		</bndbox>
	</object>
</annotation>
