<annotation>
	<folder>Pictures</folder>
	<filename>image101.jpg</filename>
	<path>/home/kangtamu/Pictures/image101.jpg</path>
	<source>
		<database>Unknown</database>
	</source>
	<size>
		<width>300</width>
		<height>168</height>
		<depth>3</depth>
	</size>
	<segmented>0</segmented>
	<object>
		<name>collapsed</name>
		<pose>Unspecified</pose>
		<truncated>0</truncated>
		<difficult>0</difficult>
		<bndbox>
			<xmin>48</xmin>
			<ymin>107</ymin>
			<xmax>189</xmax>
			<ymax>165</ymax>
		</bndbox>
	</object>
</annotation>
