<annotation>
	<folder>Pictures</folder>
	<filename>image9.jpg</filename>
	<path>/home/kangtamu/Pictures/image9.jpg</path>
	<source>
		<database>Unknown</database>
	</source>
	<size>
		<width>700</width>
		<height>400</height>
		<depth>3</depth>
	</size>
	<segmented>0</segmented>
	<object>
		<name>collapsed</name>
		<pose>Unspecified</pose>
		<truncated>0</truncated>
		<difficult>0</difficult>
		<bndbox>
			<xmin>36</xmin>
			<ymin>246</ymin>
			<xmax>252</xmax>
			<ymax>375</ymax>
		</bndbox>
	</object>
	<object>
		<name>collapsed</name>
		<pose>Unspecified</pose>
		<truncated>0</truncated>
		<difficult>0</difficult>
		<bndbox>
			<xmin>415</xmin>
			<ymin>237</ymin>
			<xmax>627</xmax>
			<ymax>342</ymax>
		</bndbox>
	</object>
</annotation>
