<annotation>
	<folder>Pictures</folder>
	<filename>image22.jpg</filename>
	<path>/home/kangtamu/Pictures/image22.jpg</path>
	<source>
		<database>Unknown</database>
	</source>
	<size>
		<width>1300</width>
		<height>865</height>
		<depth>3</depth>
	</size>
	<segmented>0</segmented>
	<object>
		<name>collapsed</name>
		<pose>Unspecified</pose>
		<truncated>1</truncated>
		<difficult>0</difficult>
		<bndbox>
			<xmin>7</xmin>
			<ymin>345</ymin>
			<xmax>883</xmax>
			<ymax>865</ymax>
		</bndbox>
	</object>
</annotation>
