<annotation>
	<folder>Pictures</folder>
	<filename>image45.jpg</filename>
	<path>/home/kangtamu/Pictures/image45.jpg</path>
	<source>
		<database>Unknown</database>
	</source>
	<size>
		<width>660</width>
		<height>439</height>
		<depth>3</depth>
	</size>
	<segmented>0</segmented>
	<object>
		<name>collapsed</name>
		<pose>Unspecified</pose>
		<truncated>0</truncated>
		<difficult>0</difficult>
		<bndbox>
			<xmin>233</xmin>
			<ymin>220</ymin>
			<xmax>428</xmax>
			<ymax>344</ymax>
		</bndbox>
	</object>
</annotation>
