<annotation>
	<folder>Pictures</folder>
	<filename>image108.jpg</filename>
	<path>/home/kangtamu/Pictures/image108.jpg</path>
	<source>
		<database>Unknown</database>
	</source>
	<size>
		<width>300</width>
		<height>168</height>
		<depth>3</depth>
	</size>
	<segmented>0</segmented>
	<object>
		<name>collapsed</name>
		<pose>Unspecified</pose>
		<truncated>1</truncated>
		<difficult>0</difficult>
		<bndbox>
			<xmin>12</xmin>
			<ymin>1</ymin>
			<xmax>241</xmax>
			<ymax>168</ymax>
		</bndbox>
	</object>
</annotation>
