<annotation>
	<folder>Pictures</folder>
	<filename>image61.jpeg</filename>
	<path>/home/kangtamu/Pictures/image61.jpeg</path>
	<source>
		<database>Unknown</database>
	</source>
	<size>
		<width>259</width>
		<height>194</height>
		<depth>3</depth>
	</size>
	<segmented>0</segmented>
	<object>
		<name>collapsed</name>
		<pose>Unspecified</pose>
		<truncated>0</truncated>
		<difficult>0</difficult>
		<bndbox>
			<xmin>45</xmin>
			<ymin>67</ymin>
			<xmax>258</xmax>
			<ymax>163</ymax>
		</bndbox>
	</object>
</annotation>
