<annotation>
	<folder>Pictures</folder>
	<filename>image34.jpg</filename>
	<path>/home/kangtamu/Pictures/image34.jpg</path>
	<source>
		<database>Unknown</database>
	</source>
	<size>
		<width>540</width>
		<height>360</height>
		<depth>3</depth>
	</size>
	<segmented>0</segmented>
	<object>
		<name>collapsed</name>
		<pose>Unspecified</pose>
		<truncated>1</truncated>
		<difficult>0</difficult>
		<bndbox>
			<xmin>3</xmin>
			<ymin>3</ymin>
			<xmax>540</xmax>
			<ymax>356</ymax>
		</bndbox>
	</object>
</annotation>
