<annotation>
	<folder>Pictures</folder>
	<filename>image73.jpg</filename>
	<path>/home/kangtamu/Pictures/image73.jpg</path>
	<source>
		<database>Unknown</database>
	</source>
	<size>
		<width>1000</width>
		<height>946</height>
		<depth>3</depth>
	</size>
	<segmented>0</segmented>
	<object>
		<name>collapsed</name>
		<pose>Unspecified</pose>
		<truncated>1</truncated>
		<difficult>0</difficult>
		<bndbox>
			<xmin>9</xmin>
			<ymin>57</ymin>
			<xmax>1000</xmax>
			<ymax>943</ymax>
		</bndbox>
	</object>
</annotation>
