<annotation>
	<folder>Pictures</folder>
	<filename>image63.jpeg</filename>
	<path>/home/kangtamu/Pictures/image63.jpeg</path>
	<source>
		<database>Unknown</database>
	</source>
	<size>
		<width>318</width>
		<height>159</height>
		<depth>3</depth>
	</size>
	<segmented>0</segmented>
	<object>
		<name>collapsed</name>
		<pose>Unspecified</pose>
		<truncated>1</truncated>
		<difficult>0</difficult>
		<bndbox>
			<xmin>1</xmin>
			<ymin>51</ymin>
			<xmax>288</xmax>
			<ymax>149</ymax>
		</bndbox>
	</object>
</annotation>
