<annotation>
	<folder>Pictures</folder>
	<filename>image28.jpg</filename>
	<path>/home/kangtamu/Pictures/image28.jpg</path>
	<source>
		<database>Unknown</database>
	</source>
	<size>
		<width>1024</width>
		<height>870</height>
		<depth>3</depth>
	</size>
	<segmented>0</segmented>
	<object>
		<name>collapsed</name>
		<pose>Unspecified</pose>
		<truncated>1</truncated>
		<difficult>0</difficult>
		<bndbox>
			<xmin>5</xmin>
			<ymin>419</ymin>
			<xmax>1024</xmax>
			<ymax>865</ymax>
		</bndbox>
	</object>
</annotation>
