<annotation>
	<folder>Pictures</folder>
	<filename>image42.jpg</filename>
	<path>/home/kangtamu/Pictures/image42.jpg</path>
	<source>
		<database>Unknown</database>
	</source>
	<size>
		<width>866</width>
		<height>1390</height>
		<depth>3</depth>
	</size>
	<segmented>0</segmented>
	<object>
		<name>collapsed</name>
		<pose>Unspecified</pose>
		<truncated>1</truncated>
		<difficult>0</difficult>
		<bndbox>
			<xmin>7</xmin>
			<ymin>159</ymin>
			<xmax>866</xmax>
			<ymax>877</ymax>
		</bndbox>
	</object>
</annotation>
