<annotation>
	<folder>Pictures</folder>
	<filename>image79.jpg</filename>
	<path>/home/kangtamu/Pictures/image79.jpg</path>
	<source>
		<database>Unknown</database>
	</source>
	<size>
		<width>600</width>
		<height>400</height>
		<depth>3</depth>
	</size>
	<segmented>0</segmented>
	<object>
		<name>collapsed</name>
		<pose>Unspecified</pose>
		<truncated>1</truncated>
		<difficult>0</difficult>
		<bndbox>
			<xmin>28</xmin>
			<ymin>31</ymin>
			<xmax>600</xmax>
			<ymax>332</ymax>
		</bndbox>
	</object>
</annotation>
