<annotation>
	<folder>Pictures</folder>
	<filename>image32.jpg</filename>
	<path>/home/kangtamu/Pictures/image32.jpg</path>
	<source>
		<database>Unknown</database>
	</source>
	<size>
		<width>500</width>
		<height>441</height>
		<depth>3</depth>
	</size>
	<segmented>0</segmented>
	<object>
		<name>collapsed</name>
		<pose>Unspecified</pose>
		<truncated>1</truncated>
		<difficult>0</difficult>
		<bndbox>
			<xmin>93</xmin>
			<ymin>161</ymin>
			<xmax>500</xmax>
			<ymax>439</ymax>
		</bndbox>
	</object>
</annotation>
