<annotation>
	<folder>Pictures</folder>
	<filename>image48.jpeg</filename>
	<path>/home/kangtamu/Pictures/image48.jpeg</path>
	<source>
		<database>Unknown</database>
	</source>
	<size>
		<width>600</width>
		<height>900</height>
		<depth>3</depth>
	</size>
	<segmented>0</segmented>
	<object>
		<name>collapsed</name>
		<pose>Unspecified</pose>
		<truncated>1</truncated>
		<difficult>0</difficult>
		<bndbox>
			<xmin>29</xmin>
			<ymin>328</ymin>
			<xmax>600</xmax>
			<ymax>771</ymax>
		</bndbox>
	</object>
</annotation>
