<annotation>
	<folder>Pictures</folder>
	<filename>image119.jpg</filename>
	<path>/home/kangtamu/Pictures/image119.jpg</path>
	<source>
		<database>Unknown</database>
	</source>
	<size>
		<width>1300</width>
		<height>956</height>
		<depth>3</depth>
	</size>
	<segmented>0</segmented>
	<object>
		<name>collapsed</name>
		<pose>Unspecified</pose>
		<truncated>0</truncated>
		<difficult>0</difficult>
		<bndbox>
			<xmin>118</xmin>
			<ymin>318</ymin>
			<xmax>1235</xmax>
			<ymax>713</ymax>
		</bndbox>
	</object>
</annotation>
