<annotation>
	<folder>Pictures</folder>
	<filename>image138.jpg</filename>
	<path>/home/kangtamu/Pictures/image138.jpg</path>
	<source>
		<database>Unknown</database>
	</source>
	<size>
		<width>726</width>
		<height>483</height>
		<depth>3</depth>
	</size>
	<segmented>0</segmented>
	<object>
		<name>collapsed</name>
		<pose>Unspecified</pose>
		<truncated>1</truncated>
		<difficult>0</difficult>
		<bndbox>
			<xmin>5</xmin>
			<ymin>12</ymin>
			<xmax>707</xmax>
			<ymax>483</ymax>
		</bndbox>
	</object>
</annotation>
