<annotation>
	<folder>Pictures</folder>
	<filename>image6.jpg</filename>
	<path>/home/kangtamu/Pictures/image6.jpg</path>
	<source>
		<database>Unknown</database>
	</source>
	<size>
		<width>400</width>
		<height>255</height>
		<depth>3</depth>
	</size>
	<segmented>0</segmented>
	<object>
		<name>collapsed</name>
		<pose>Unspecified</pose>
		<truncated>0</truncated>
		<difficult>0</difficult>
		<bndbox>
			<xmin>42</xmin>
			<ymin>29</ymin>
			<xmax>377</xmax>
			<ymax>211</ymax>
		</bndbox>
	</object>
</annotation>
