<annotation>
	<folder>Pictures</folder>
	<filename>image75.jpg</filename>
	<path>/home/kangtamu/Pictures/image75.jpg</path>
	<source>
		<database>Unknown</database>
	</source>
	<size>
		<width>1500</width>
		<height>1073</height>
		<depth>3</depth>
	</size>
	<segmented>0</segmented>
	<object>
		<name>collapsed</name>
		<pose>Unspecified</pose>
		<truncated>1</truncated>
		<difficult>0</difficult>
		<bndbox>
			<xmin>350</xmin>
			<ymin>143</ymin>
			<xmax>1500</xmax>
			<ymax>969</ymax>
		</bndbox>
	</object>
</annotation>
