<annotation>
	<folder>Pictures</folder>
	<filename>image23.jpg</filename>
	<path>/home/kangtamu/Pictures/image23.jpg</path>
	<source>
		<database>Unknown</database>
	</source>
	<size>
		<width>1300</width>
		<height>868</height>
		<depth>3</depth>
	</size>
	<segmented>0</segmented>
	<object>
		<name>collapsed</name>
		<pose>Unspecified</pose>
		<truncated>0</truncated>
		<difficult>0</difficult>
		<bndbox>
			<xmin>9</xmin>
			<ymin>234</ymin>
			<xmax>1252</xmax>
			<ymax>759</ymax>
		</bndbox>
	</object>
</annotation>
