<annotation>
	<folder>Pictures</folder>
	<filename>image74.jpg</filename>
	<path>/home/kangtamu/Pictures/image74.jpg</path>
	<source>
		<database>Unknown</database>
	</source>
	<size>
		<width>450</width>
		<height>300</height>
		<depth>3</depth>
	</size>
	<segmented>0</segmented>
	<object>
		<name>collapsed</name>
		<pose>Unspecified</pose>
		<truncated>1</truncated>
		<difficult>0</difficult>
		<bndbox>
			<xmin>2</xmin>
			<ymin>2</ymin>
			<xmax>450</xmax>
			<ymax>298</ymax>
		</bndbox>
	</object>
</annotation>
