<annotation>
	<folder>Pictures</folder>
	<filename>image19.jpg</filename>
	<path>/home/kangtamu/Pictures/image19.jpg</path>
	<source>
		<database>Unknown</database>
	</source>
	<size>
		<width>550</width>
		<height>412</height>
		<depth>3</depth>
	</size>
	<segmented>0</segmented>
	<object>
		<name>collapsed</name>
		<pose>Unspecified</pose>
		<truncated>1</truncated>
		<difficult>0</difficult>
		<bndbox>
			<xmin>194</xmin>
			<ymin>99</ymin>
			<xmax>550</xmax>
			<ymax>282</ymax>
		</bndbox>
	</object>
</annotation>
