<annotation>
	<folder>Pictures</folder>
	<filename>image102.jpg</filename>
	<path>/home/kangtamu/Pictures/image102.jpg</path>
	<source>
		<database>Unknown</database>
	</source>
	<size>
		<width>194</width>
		<height>259</height>
		<depth>3</depth>
	</size>
	<segmented>0</segmented>
	<object>
		<name>collapsed</name>
		<pose>Unspecified</pose>
		<truncated>0</truncated>
		<difficult>0</difficult>
		<bndbox>
			<xmin>73</xmin>
			<ymin>103</ymin>
			<xmax>181</xmax>
			<ymax>157</ymax>
		</bndbox>
	</object>
</annotation>
