<annotation>
	<folder>Pictures</folder>
	<filename>image52.jpg</filename>
	<path>/home/kangtamu/Pictures/image52.jpg</path>
	<source>
		<database>Unknown</database>
	</source>
	<size>
		<width>312</width>
		<height>437</height>
		<depth>3</depth>
	</size>
	<segmented>0</segmented>
	<object>
		<name>collapsed</name>
		<pose>Unspecified</pose>
		<truncated>0</truncated>
		<difficult>0</difficult>
		<bndbox>
			<xmin>3</xmin>
			<ymin>8</ymin>
			<xmax>311</xmax>
			<ymax>366</ymax>
		</bndbox>
	</object>
</annotation>
