<annotation>
	<folder>Pictures</folder>
	<filename>image107.jpg</filename>
	<path>/home/kangtamu/Pictures/image107.jpg</path>
	<source>
		<database>Unknown</database>
	</source>
	<size>
		<width>259</width>
		<height>194</height>
		<depth>3</depth>
	</size>
	<segmented>0</segmented>
	<object>
		<name>collapsed</name>
		<pose>Unspecified</pose>
		<truncated>0</truncated>
		<difficult>0</difficult>
		<bndbox>
			<xmin>67</xmin>
			<ymin>108</ymin>
			<xmax>233</xmax>
			<ymax>181</ymax>
		</bndbox>
	</object>
</annotation>
