<annotation>
	<folder>Pictures</folder>
	<filename>image83.jpg</filename>
	<path>/home/kangtamu/Pictures/image83.jpg</path>
	<source>
		<database>Unknown</database>
	</source>
	<size>
		<width>275</width>
		<height>183</height>
		<depth>3</depth>
	</size>
	<segmented>0</segmented>
	<object>
		<name>collapsed</name>
		<pose>Unspecified</pose>
		<truncated>0</truncated>
		<difficult>0</difficult>
		<bndbox>
			<xmin>19</xmin>
			<ymin>73</ymin>
			<xmax>236</xmax>
			<ymax>181</ymax>
		</bndbox>
	</object>
</annotation>
