<annotation>
	<folder>Pictures</folder>
	<filename>image112.jpg</filename>
	<path>/home/kangtamu/Pictures/image112.jpg</path>
	<source>
		<database>Unknown</database>
	</source>
	<size>
		<width>392</width>
		<height>500</height>
		<depth>3</depth>
	</size>
	<segmented>0</segmented>
	<object>
		<name>collapsed</name>
		<pose>Unspecified</pose>
		<truncated>1</truncated>
		<difficult>0</difficult>
		<bndbox>
			<xmin>95</xmin>
			<ymin>87</ymin>
			<xmax>392</xmax>
			<ymax>256</ymax>
		</bndbox>
	</object>
</annotation>
