<annotation>
	<folder>Pictures</folder>
	<filename>image15.jpg</filename>
	<path>/home/kangtamu/Pictures/image15.jpg</path>
	<source>
		<database>Unknown</database>
	</source>
	<size>
		<width>500</width>
		<height>375</height>
		<depth>3</depth>
	</size>
	<segmented>0</segmented>
	<object>
		<name>collapsed</name>
		<pose>Unspecified</pose>
		<truncated>0</truncated>
		<difficult>0</difficult>
		<bndbox>
			<xmin>9</xmin>
			<ymin>210</ymin>
			<xmax>399</xmax>
			<ymax>373</ymax>
		</bndbox>
	</object>
</annotation>
