<annotation>
	<folder>Pictures</folder>
	<filename>image20.jpg</filename>
	<path>/home/kangtamu/Pictures/image20.jpg</path>
	<source>
		<database>Unknown</database>
	</source>
	<size>
		<width>352</width>
		<height>550</height>
		<depth>3</depth>
	</size>
	<segmented>0</segmented>
	<object>
		<name>collapsed</name>
		<pose>Unspecified</pose>
		<truncated>0</truncated>
		<difficult>0</difficult>
		<bndbox>
			<xmin>5</xmin>
			<ymin>180</ymin>
			<xmax>339</xmax>
			<ymax>459</ymax>
		</bndbox>
	</object>
</annotation>
