<annotation>
	<folder>Pictures</folder>
	<filename>image36.jpg</filename>
	<path>/home/kangtamu/Pictures/image36.jpg</path>
	<source>
		<database>Unknown</database>
	</source>
	<size>
		<width>446</width>
		<height>238</height>
		<depth>3</depth>
	</size>
	<segmented>0</segmented>
	<object>
		<name>collapsed</name>
		<pose>Unspecified</pose>
		<truncated>1</truncated>
		<difficult>0</difficult>
		<bndbox>
			<xmin>1</xmin>
			<ymin>1</ymin>
			<xmax>446</xmax>
			<ymax>238</ymax>
		</bndbox>
	</object>
	<object>
		<name>collapsed</name>
		<pose>Unspecified</pose>
		<truncated>0</truncated>
		<difficult>0</difficult>
		<bndbox>
			<xmin>9</xmin>
			<ymin>385</ymin>
			<xmax>293</xmax>
			<ymax>732</ymax>
		</bndbox>
	</object>
	<object>
		<name>collapsed</name>
		<pose>Unspecified</pose>
		<truncated>0</truncated>
		<difficult>0</difficult>
		<bndbox>
			<xmin>306</xmin>
			<ymin>515</ymin>
			<xmax>600</xmax>
			<ymax>742</ymax>
		</bndbox>
	</object>
	<object>
		<name>collapsed</name>
		<pose>Unspecified</pose>
		<truncated>1</truncated>
		<difficult>0</difficult>
		<bndbox>
			<xmin>98</xmin>
			<ymin>136</ymin>
			<xmax>354</xmax>
			<ymax>238</ymax>
		</bndbox>
	</object>
</annotation>
