<annotation>
	<folder>Pictures</folder>
	<filename>image87.jpg</filename>
	<path>/home/kangtamu/Pictures/image87.jpg</path>
	<source>
		<database>Unknown</database>
	</source>
	<size>
		<width>182</width>
		<height>277</height>
		<depth>3</depth>
	</size>
	<segmented>0</segmented>
	<object>
		<name>collapsed</name>
		<pose>Unspecified</pose>
		<truncated>1</truncated>
		<difficult>0</difficult>
		<bndbox>
			<xmin>53</xmin>
			<ymin>18</ymin>
			<xmax>182</xmax>
			<ymax>190</ymax>
		</bndbox>
	</object>
</annotation>
