<annotation>
	<folder>Pictures</folder>
	<filename>image96.jpg</filename>
	<path>/home/kangtamu/Pictures/image96.jpg</path>
	<source>
		<database>Unknown</database>
	</source>
	<size>
		<width>266</width>
		<height>189</height>
		<depth>3</depth>
	</size>
	<segmented>0</segmented>
	<object>
		<name>collapsed</name>
		<pose>Unspecified</pose>
		<truncated>1</truncated>
		<difficult>0</difficult>
		<bndbox>
			<xmin>75</xmin>
			<ymin>2</ymin>
			<xmax>266</xmax>
			<ymax>149</ymax>
		</bndbox>
	</object>
</annotation>
