<annotation>
	<folder>Pictures</folder>
	<filename>image2.jpg</filename>
	<path>/home/kangtamu/Pictures/image2.jpg</path>
	<source>
		<database>Unknown</database>
	</source>
	<size>
		<width>852</width>
		<height>480</height>
		<depth>3</depth>
	</size>
	<segmented>0</segmented>
	<object>
		<name>collapsed</name>
		<pose>Unspecified</pose>
		<truncated>1</truncated>
		<difficult>0</difficult>
		<bndbox>
			<xmin>9</xmin>
			<ymin>91</ymin>
			<xmax>852</xmax>
			<ymax>477</ymax>
		</bndbox>
	</object>
</annotation>
