<annotation>
	<folder>Pictures</folder>
	<filename>image78.jpg</filename>
	<path>/home/kangtamu/Pictures/image78.jpg</path>
	<source>
		<database>Unknown</database>
	</source>
	<size>
		<width>283</width>
		<height>424</height>
		<depth>3</depth>
	</size>
	<segmented>0</segmented>
	<object>
		<name>collapsed</name>
		<pose>Unspecified</pose>
		<truncated>0</truncated>
		<difficult>0</difficult>
		<bndbox>
			<xmin>6</xmin>
			<ymin>67</ymin>
			<xmax>247</xmax>
			<ymax>418</ymax>
		</bndbox>
	</object>
</annotation>
