<annotation>
	<folder>Pictures</folder>
	<filename>image134.jpg</filename>
	<path>/home/kangtamu/Pictures/image134.jpg</path>
	<source>
		<database>Unknown</database>
	</source>
	<size>
		<width>320</width>
		<height>240</height>
		<depth>3</depth>
	</size>
	<segmented>0</segmented>
	<object>
		<name>collapsed</name>
		<pose>Unspecified</pose>
		<truncated>1</truncated>
		<difficult>0</difficult>
		<bndbox>
			<xmin>1</xmin>
			<ymin>16</ymin>
			<xmax>320</xmax>
			<ymax>184</ymax>
		</bndbox>
	</object>
</annotation>
