<annotation>
	<folder>Pictures</folder>
	<filename>image41.jpg</filename>
	<path>/home/kangtamu/Pictures/image41.jpg</path>
	<source>
		<database>Unknown</database>
	</source>
	<size>
		<width>243</width>
		<height>370</height>
		<depth>3</depth>
	</size>
	<segmented>0</segmented>
	<object>
		<name>collapsed</name>
		<pose>Unspecified</pose>
		<truncated>1</truncated>
		<difficult>0</difficult>
		<bndbox>
			<xmin>1</xmin>
			<ymin>85</ymin>
			<xmax>243</xmax>
			<ymax>367</ymax>
		</bndbox>
	</object>
</annotation>
