<annotation>
	<folder>Pictures</folder>
	<filename>image120.jpg</filename>
	<path>/home/kangtamu/Pictures/image120.jpg</path>
	<source>
		<database>Unknown</database>
	</source>
	<size>
		<width>2000</width>
		<height>1000</height>
		<depth>3</depth>
	</size>
	<segmented>0</segmented>
	<object>
		<name>collapsed</name>
		<pose>Unspecified</pose>
		<truncated>0</truncated>
		<difficult>0</difficult>
		<bndbox>
			<xmin>82</xmin>
			<ymin>389</ymin>
			<xmax>1394</xmax>
			<ymax>954</ymax>
		</bndbox>
	</object>
</annotation>
