<annotation>
	<folder>Pictures</folder>
	<filename>image71.jpg</filename>
	<path>/home/kangtamu/Pictures/image71.jpg</path>
	<source>
		<database>Unknown</database>
	</source>
	<size>
		<width>467</width>
		<height>350</height>
		<depth>3</depth>
	</size>
	<segmented>0</segmented>
	<object>
		<name>collapsed</name>
		<pose>Unspecified</pose>
		<truncated>0</truncated>
		<difficult>0</difficult>
		<bndbox>
			<xmin>2</xmin>
			<ymin>3</ymin>
			<xmax>419</xmax>
			<ymax>292</ymax>
		</bndbox>
	</object>
</annotation>
