<annotation>
	<folder>Pictures</folder>
	<filename>image12.jpg</filename>
	<path>/home/kangtamu/Pictures/image12.jpg</path>
	<source>
		<database>Unknown</database>
	</source>
	<size>
		<width>634</width>
		<height>357</height>
		<depth>3</depth>
	</size>
	<segmented>0</segmented>
	<object>
		<name>collapsed</name>
		<pose>Unspecified</pose>
		<truncated>0</truncated>
		<difficult>0</difficult>
		<bndbox>
			<xmin>178</xmin>
			<ymin>151</ymin>
			<xmax>414</xmax>
			<ymax>337</ymax>
		</bndbox>
	</object>
</annotation>
