<annotation>
	<folder>Pictures</folder>
	<filename>image106.jpg</filename>
	<path>/home/kangtamu/Pictures/image106.jpg</path>
	<source>
		<database>Unknown</database>
	</source>
	<size>
		<width>288</width>
		<height>175</height>
		<depth>3</depth>
	</size>
	<segmented>0</segmented>
	<object>
		<name>collapsed</name>
		<pose>Unspecified</pose>
		<truncated>1</truncated>
		<difficult>0</difficult>
		<bndbox>
			<xmin>116</xmin>
			<ymin>57</ymin>
			<xmax>284</xmax>
			<ymax>175</ymax>
		</bndbox>
	</object>
</annotation>
