<annotation>
	<folder>Pictures</folder>
	<filename>image62.jpeg</filename>
	<path>/home/kangtamu/Pictures/image62.jpeg</path>
	<source>
		<database>Unknown</database>
	</source>
	<size>
		<width>276</width>
		<height>183</height>
		<depth>3</depth>
	</size>
	<segmented>0</segmented>
	<object>
		<name>collapsed</name>
		<pose>Unspecified</pose>
		<truncated>0</truncated>
		<difficult>0</difficult>
		<bndbox>
			<xmin>60</xmin>
			<ymin>47</ymin>
			<xmax>267</xmax>
			<ymax>116</ymax>
		</bndbox>
	</object>
</annotation>
