<annotation>
	<folder>Pictures</folder>
	<filename>image89.jpg</filename>
	<path>/home/kangtamu/Pictures/image89.jpg</path>
	<source>
		<database>Unknown</database>
	</source>
	<size>
		<width>264</width>
		<height>191</height>
		<depth>3</depth>
	</size>
	<segmented>0</segmented>
	<object>
		<name>collapsed</name>
		<pose>Unspecified</pose>
		<truncated>1</truncated>
		<difficult>0</difficult>
		<bndbox>
			<xmin>4</xmin>
			<ymin>2</ymin>
			<xmax>262</xmax>
			<ymax>191</ymax>
		</bndbox>
	</object>
</annotation>
