<annotation>
	<folder>Pictures</folder>
	<filename>image131.jpg</filename>
	<path>/home/kangtamu/Pictures/image131.jpg</path>
	<source>
		<database>Unknown</database>
	</source>
	<size>
		<width>1600</width>
		<height>1068</height>
		<depth>3</depth>
	</size>
	<segmented>0</segmented>
	<object>
		<name>collapsed</name>
		<pose>Unspecified</pose>
		<truncated>1</truncated>
		<difficult>0</difficult>
		<bndbox>
			<xmin>15</xmin>
			<ymin>190</ymin>
			<xmax>1600</xmax>
			<ymax>937</ymax>
		</bndbox>
	</object>
</annotation>
