<annotation>
	<folder>Pictures</folder>
	<filename>image58.jpeg</filename>
	<path>/home/kangtamu/Pictures/image58.jpeg</path>
	<source>
		<database>Unknown</database>
	</source>
	<size>
		<width>276</width>
		<height>183</height>
		<depth>3</depth>
	</size>
	<segmented>0</segmented>
	<object>
		<name>collapsed</name>
		<pose>Unspecified</pose>
		<truncated>0</truncated>
		<difficult>0</difficult>
		<bndbox>
			<xmin>69</xmin>
			<ymin>51</ymin>
			<xmax>272</xmax>
			<ymax>115</ymax>
		</bndbox>
	</object>
</annotation>
