<annotation>
	<folder>Pictures</folder>
	<filename>image21.jpg</filename>
	<path>/home/kangtamu/Pictures/image21.jpg</path>
	<source>
		<database>Unknown</database>
	</source>
	<size>
		<width>450</width>
		<height>300</height>
		<depth>3</depth>
	</size>
	<segmented>0</segmented>
	<object>
		<name>collapsed</name>
		<pose>Unspecified</pose>
		<truncated>1</truncated>
		<difficult>0</difficult>
		<bndbox>
			<xmin>3</xmin>
			<ymin>29</ymin>
			<xmax>450</xmax>
			<ymax>280</ymax>
		</bndbox>
	</object>
</annotation>
