<annotation>
	<folder>Pictures</folder>
	<filename>image111.jpg</filename>
	<path>/home/kangtamu/Pictures/image111.jpg</path>
	<source>
		<database>Unknown</database>
	</source>
	<size>
		<width>2816</width>
		<height>1880</height>
		<depth>3</depth>
	</size>
	<segmented>0</segmented>
	<object>
		<name>collapsed</name>
		<pose>Unspecified</pose>
		<truncated>0</truncated>
		<difficult>0</difficult>
		<bndbox>
			<xmin>643</xmin>
			<ymin>440</ymin>
			<xmax>2364</xmax>
			<ymax>1799</ymax>
		</bndbox>
	</object>
</annotation>
