<annotation>
	<folder>Pictures</folder>
	<filename>image55.jpg</filename>
	<path>/home/kangtamu/Pictures/image55.jpg</path>
	<source>
		<database>Unknown</database>
	</source>
	<size>
		<width>713</width>
		<height>535</height>
		<depth>3</depth>
	</size>
	<segmented>0</segmented>
	<object>
		<name>collapsed</name>
		<pose>Unspecified</pose>
		<truncated>0</truncated>
		<difficult>0</difficult>
		<bndbox>
			<xmin>25</xmin>
			<ymin>56</ymin>
			<xmax>696</xmax>
			<ymax>353</ymax>
		</bndbox>
	</object>
</annotation>
