<annotation>
	<folder>Pictures</folder>
	<filename>image133.jpg</filename>
	<path>/home/kangtamu/Pictures/image133.jpg</path>
	<source>
		<database>Unknown</database>
	</source>
	<size>
		<width>668</width>
		<height>526</height>
		<depth>3</depth>
	</size>
	<segmented>0</segmented>
	<object>
		<name>collapsed</name>
		<pose>Unspecified</pose>
		<truncated>0</truncated>
		<difficult>0</difficult>
		<bndbox>
			<xmin>11</xmin>
			<ymin>112</ymin>
			<xmax>661</xmax>
			<ymax>427</ymax>
		</bndbox>
	</object>
</annotation>
