<annotation>
	<folder>Pictures</folder>
	<filename>image54.jpg</filename>
	<path>/home/kangtamu/Pictures/image54.jpg</path>
	<source>
		<database>Unknown</database>
	</source>
	<size>
		<width>450</width>
		<height>300</height>
		<depth>3</depth>
	</size>
	<segmented>0</segmented>
	<object>
		<name>collapsed</name>
		<pose>Unspecified</pose>
		<truncated>1</truncated>
		<difficult>0</difficult>
		<bndbox>
			<xmin>55</xmin>
			<ymin>18</ymin>
			<xmax>440</xmax>
			<ymax>300</ymax>
		</bndbox>
	</object>
</annotation>
