<annotation>
	<folder>Pictures</folder>
	<filename>image110.jpg</filename>
	<path>/home/kangtamu/Pictures/image110.jpg</path>
	<source>
		<database>Unknown</database>
	</source>
	<size>
		<width>1200</width>
		<height>1600</height>
		<depth>3</depth>
	</size>
	<segmented>0</segmented>
	<object>
		<name>collapsed</name>
		<pose>Unspecified</pose>
		<truncated>0</truncated>
		<difficult>0</difficult>
		<bndbox>
			<xmin>11</xmin>
			<ymin>895</ymin>
			<xmax>1190</xmax>
			<ymax>1413</ymax>
		</bndbox>
	</object>
</annotation>
