<annotation>
	<folder>Pictures</folder>
	<filename>image29.jpg</filename>
	<path>/home/kangtamu/Pictures/image29.jpg</path>
	<source>
		<database>Unknown</database>
	</source>
	<size>
		<width>1024</width>
		<height>683</height>
		<depth>3</depth>
	</size>
	<segmented>0</segmented>
	<object>
		<name>collapsed</name>
		<pose>Unspecified</pose>
		<truncated>0</truncated>
		<difficult>0</difficult>
		<bndbox>
			<xmin>11</xmin>
			<ymin>310</ymin>
			<xmax>699</xmax>
			<ymax>667</ymax>
		</bndbox>
	</object>
</annotation>
