<annotation>
	<folder>Pictures</folder>
	<filename>image88.jpg</filename>
	<path>/home/kangtamu/Pictures/image88.jpg</path>
	<source>
		<database>Unknown</database>
	</source>
	<size>
		<width>276</width>
		<height>183</height>
		<depth>3</depth>
	</size>
	<segmented>0</segmented>
	<object>
		<name>collapsed</name>
		<pose>Unspecified</pose>
		<truncated>1</truncated>
		<difficult>0</difficult>
		<bndbox>
			<xmin>1</xmin>
			<ymin>39</ymin>
			<xmax>276</xmax>
			<ymax>162</ymax>
		</bndbox>
	</object>
</annotation>
