<annotation>
	<folder>Pictures</folder>
	<filename>image72.jpg</filename>
	<path>/home/kangtamu/Pictures/image72.jpg</path>
	<source>
		<database>Unknown</database>
	</source>
	<size>
		<width>600</width>
		<height>450</height>
		<depth>3</depth>
	</size>
	<segmented>0</segmented>
	<object>
		<name>collapsed</name>
		<pose>Unspecified</pose>
		<truncated>0</truncated>
		<difficult>0</difficult>
		<bndbox>
			<xmin>13</xmin>
			<ymin>110</ymin>
			<xmax>598</xmax>
			<ymax>349</ymax>
		</bndbox>
	</object>
</annotation>
