<annotation>
	<folder>Pictures</folder>
	<filename>image80.jpg</filename>
	<path>/home/kangtamu/Pictures/image80.jpg</path>
	<source>
		<database>Unknown</database>
	</source>
	<size>
		<width>1030</width>
		<height>322</height>
		<depth>3</depth>
	</size>
	<segmented>0</segmented>
	<object>
		<name>collapsed</name>
		<pose>Unspecified</pose>
		<truncated>1</truncated>
		<difficult>0</difficult>
		<bndbox>
			<xmin>274</xmin>
			<ymin>40</ymin>
			<xmax>1030</xmax>
			<ymax>317</ymax>
		</bndbox>
	</object>
</annotation>
