<annotation>
	<folder>Pictures</folder>
	<filename>image53.jpg</filename>
	<path>/home/kangtamu/Pictures/image53.jpg</path>
	<source>
		<database>Unknown</database>
	</source>
	<size>
		<width>624</width>
		<height>401</height>
		<depth>3</depth>
	</size>
	<segmented>0</segmented>
	<object>
		<name>collapsed</name>
		<pose>Unspecified</pose>
		<truncated>1</truncated>
		<difficult>0</difficult>
		<bndbox>
			<xmin>11</xmin>
			<ymin>11</ymin>
			<xmax>624</xmax>
			<ymax>400</ymax>
		</bndbox>
	</object>
</annotation>
