<annotation>
	<folder>Pictures</folder>
	<filename>image67.jpg</filename>
	<path>/home/kangtamu/Pictures/image67.jpg</path>
	<source>
		<database>Unknown</database>
	</source>
	<size>
		<width>400</width>
		<height>300</height>
		<depth>3</depth>
	</size>
	<segmented>0</segmented>
	<object>
		<name>collapsed</name>
		<pose>Unspecified</pose>
		<truncated>1</truncated>
		<difficult>0</difficult>
		<bndbox>
			<xmin>4</xmin>
			<ymin>132</ymin>
			<xmax>400</xmax>
			<ymax>285</ymax>
		</bndbox>
	</object>
</annotation>
