<annotation>
	<folder>Pictures</folder>
	<filename>image93.jpg</filename>
	<path>/home/kangtamu/Pictures/image93.jpg</path>
	<source>
		<database>Unknown</database>
	</source>
	<size>
		<width>290</width>
		<height>174</height>
		<depth>3</depth>
	</size>
	<segmented>0</segmented>
	<object>
		<name>collapsed</name>
		<pose>Unspecified</pose>
		<truncated>1</truncated>
		<difficult>0</difficult>
		<bndbox>
			<xmin>68</xmin>
			<ymin>1</ymin>
			<xmax>214</xmax>
			<ymax>154</ymax>
		</bndbox>
	</object>
</annotation>
