<annotation>
	<folder>Pictures</folder>
	<filename>image38.jpg</filename>
	<path>/home/kangtamu/Pictures/image38.jpg</path>
	<source>
		<database>Unknown</database>
	</source>
	<size>
		<width>900</width>
		<height>677</height>
		<depth>3</depth>
	</size>
	<segmented>0</segmented>
	<object>
		<name>collapsed</name>
		<pose>Unspecified</pose>
		<truncated>0</truncated>
		<difficult>0</difficult>
		<bndbox>
			<xmin>294</xmin>
			<ymin>312</ymin>
			<xmax>498</xmax>
			<ymax>578</ymax>
		</bndbox>
	</object>
</annotation>
