<annotation>
	<folder>Pictures</folder>
	<filename>image35.JPG</filename>
	<path>/home/kangtamu/Pictures/image35.JPG</path>
	<source>
		<database>Unknown</database>
	</source>
	<size>
		<width>800</width>
		<height>600</height>
		<depth>3</depth>
	</size>
	<segmented>0</segmented>
	<object>
		<name>collapsed</name>
		<pose>Unspecified</pose>
		<truncated>0</truncated>
		<difficult>0</difficult>
		<bndbox>
			<xmin>8</xmin>
			<ymin>313</ymin>
			<xmax>799</xmax>
			<ymax>541</ymax>
		</bndbox>
	</object>
</annotation>
