<annotation>
	<folder>Pictures</folder>
	<filename>image13.jpg</filename>
	<path>/home/kangtamu/Pictures/image13.jpg</path>
	<source>
		<database>Unknown</database>
	</source>
	<size>
		<width>700</width>
		<height>466</height>
		<depth>3</depth>
	</size>
	<segmented>0</segmented>
	<object>
		<name>collapsed</name>
		<pose>Unspecified</pose>
		<truncated>0</truncated>
		<difficult>0</difficult>
		<bndbox>
			<xmin>146</xmin>
			<ymin>241</ymin>
			<xmax>614</xmax>
			<ymax>374</ymax>
		</bndbox>
	</object>
</annotation>
