<annotation>
	<folder>Pictures</folder>
	<filename>image10.jpg</filename>
	<path>/home/kangtamu/Pictures/image10.jpg</path>
	<source>
		<database>Unknown</database>
	</source>
	<size>
		<width>999</width>
		<height>1333</height>
		<depth>3</depth>
	</size>
	<segmented>0</segmented>
	<object>
		<name>collapsed</name>
		<pose>Unspecified</pose>
		<truncated>0</truncated>
		<difficult>0</difficult>
		<bndbox>
			<xmin>164</xmin>
			<ymin>534</ymin>
			<xmax>984</xmax>
			<ymax>806</ymax>
		</bndbox>
	</object>
</annotation>
