<annotation>
	<folder>Pictures</folder>
	<filename>image109.jpg</filename>
	<path>/home/kangtamu/Pictures/image109.jpg</path>
	<source>
		<database>Unknown</database>
	</source>
	<size>
		<width>337</width>
		<height>532</height>
		<depth>3</depth>
	</size>
	<segmented>0</segmented>
	<object>
		<name>collapsed</name>
		<pose>Unspecified</pose>
		<truncated>0</truncated>
		<difficult>0</difficult>
		<bndbox>
			<xmin>65</xmin>
			<ymin>317</ymin>
			<xmax>333</xmax>
			<ymax>447</ymax>
		</bndbox>
	</object>
</annotation>
